[
  {
    "id": "a204f26f-74fe-43f1-a556-45c5cdb362e8",
    "data": [
      {
        "text": "Tell me if there\u0027s rain in @sys.geo-city",
        "userDefined": false
      }
    ],
    "isTemplate": false,
    "count": 0,
    "lang": "en",
    "updated": 0
  },
  {
    "id": "d880d143-5d46-4ee8-9231-2d03fc17eb7c",
    "data": [
      {
        "text": "Is it raining in @sys.geo-city?",
        "userDefined": false
      }
    ],
    "isTemplate": false,
    "count": 0,
    "lang": "en",
    "updated": 0
  },
  {
    "id": "d9f08dd6-86d4-47a9-b93f-a257dacf3824",
    "data": [
      {
        "text": "what\u0027s the weather in ",
        "userDefined": false
      },
      {
        "text": "Seattle",
        "meta": "@sys.geo-city",
        "alias": "geo-city",
        "userDefined": true
      },
      {
        "text": "?",
        "userDefined": false
      }
    ],
    "isTemplate": false,
    "count": 1,
    "lang": "en",
    "updated": 0
  },
  {
    "id": "b9877ca4-d552-45ed-8a82-40c8816eb71c",
    "data": [
      {
        "text": "Tell me weather in ",
        "userDefined": false
      },
      {
        "text": "Tokyo",
        "meta": "@sys.geo-city",
        "alias": "geo-city",
        "userDefined": false
      }
    ],
    "isTemplate": false,
    "count": 0,
    "lang": "en",
    "updated": 0
  },
  {
    "id": "49825103-b552-4ab7-befc-852a196bb954",
    "data": [
      {
        "text": "is it raining in ",
        "userDefined": false
      },
      {
        "text": "Paris?",
        "meta": "@sys.geo-city",
        "alias": "geo-city",
        "userDefined": false
      }
    ],
    "isTemplate": false,
    "count": 0,
    "lang": "en",
    "updated": 0
  }
]